<beans xmlns="http://www.springframework.org/schema/beans"
       xmlns:xsi="http://www.w3.org/2001/XMLSchema-instance"
       xmlns:context="http://www.springframework.org/schema/context"
       xmlns:aop="http://www.springframework.org/schema/aop"
       xsi:schemaLocation="
        http://www.springframework.org/schema/beans http://www.springframework.org/schema/beans/spring-beans.xsd
        http://www.springframework.org/schema/context http://www.springframework.org/schema/context/spring-context.xsd
        http://www.springframework.org/schema/aop http://www.springframework.org/schema/aop/spring-aop.xsd">

    <!-- Enable annotation-based configuration -->
    <context:annotation-config />

    <!-- Enable component scanning -->
    <context:component-scan base-package="com.library" />

    <!-- Enable AspectJ support -->
    <aop:aspectj-autoproxy />

    <!-- bean definitions here -->
    <bean id="BookService" class="com.library.service.BookService">
        <property name="repo" ref="BookRepository"/>
    </bean>

    <bean id="BookRepository" class="com.library.repository.BookRepository">
    </bean>

</beans>
